Number of Nodes,Part 1,Part 2
2,4.89533e-06,4.69967e-06
4,3.092e-06,1.73553e-05
8,9.79367e-06,1.84993e-05
16,2.0672e-05,1.69453e-05
32,7.40507e-05,3.08363e-05
64,0.000287657,5.89447e-05
128,0.00114725,0.000127266
256,0.00564425,0.000275151
512,0.0182983,0.000572153
1024,0.0814287,0.00144913
2048,0.363132,0.00312663
4096,1.2158,0.00734622
8192,4.87207,0.0221351
